source,jurisdiction,document_type,source_page_url,gazette_category_filter,part_section_filter,year_filter,serial_number,result_row_position,ministry_organization,department,office,subject,category,part_section,issue_date,publish_date,gazette_id,download_url,original_file_name,new_file_name,sha256,file_size_bytes,download_status,downloaded_at_utc,error
Government of India eGazette,India,Central Government Gazette,https://egazette.gov.in/(S(3coklipux0y1na54ueb5tyyy))/GazetteDirectory.aspx,Extra Ordinary,Part II-Section 3-Sub-Section (i),2000,8.,Ministry of Coal,NOT available,NOT available,"The Coal Mines Provident Fund and Miscellaneous Provisions Act, 1948 (46 of 1948)",Extra Ordinary,Part II-Section 3-Sub-Section (i),27-Dec-2000,27-Dec-2000,NOT available ( 38449 ),0.87 MB,,,,,,pending,,
Government of India eGazette,India,Central Government Gazette,https://egazette.gov.in/(S(3coklipux0y1na54ueb5tyyy))/GazetteDirectory.aspx,Extra Ordinary,Part II-Section 3-Sub-Section (i),2000,1.,"Ministry of Shipping, Road Transport and Highways",Department of Shipping,NOT available,"The Mormugao Port Employees (Educational Assistance) Regulations, 2000.",Extra Ordinary,Part II-Section 3-Sub-Section (i),29-Dec-2000,29-Dec-2000,NOT available ( 38481 ),0.35 MB,,,,,,pending,,
Government of India eGazette,India,Central Government Gazette,https://egazette.gov.in/(S(3coklipux0y1na54ueb5tyyy))/GazetteDirectory.aspx,Extra Ordinary,Part II-Section 3-Sub-Section (i),2000,2.,Ministry of Road Transport and Highways,NOT available,NOT available,"These rules may be called the Central Motor Vehicles ( Amendment)Rules, 2000.",Extra Ordinary,Part II-Section 3-Sub-Section (i),29-Dec-2000,29-Dec-2000,NOT available ( 38475 ),0.8 MB,,,,,,pending,,
Government of India eGazette,India,Central Government Gazette,https://egazette.gov.in/(S(3coklipux0y1na54ueb5tyyy))/GazetteDirectory.aspx,Extra Ordinary,Part II-Section 3-Sub-Section (i),2000,11.,Ministry of Finance,Department of Revenue,NOT available,"The First Schedule to the Customs Tariff Act, 1975 (51 of 1975)",Extra Ordinary,Part II-Section 3-Sub-Section (i),26-Dec-2000,26-Dec-2000,NOT available ( 38427 ),0.79 MB,,,,,,pending,,
Government of India eGazette,India,Central Government Gazette,https://egazette.gov.in/(S(fmaxw1zrqad3uxifxrbub5hb))/GazetteDirectory.aspx,Extra Ordinary,Part II-Section 2,2001,14.,Lok Sabha Secretariat,CSL,CSL,"LOK SABHA-A Bill to provide for development and regulation of mineral resources in the territorial waters, continental shelf, exclusive economic zone and other maritime zones of India and to provide for matters connected therewith or incidental thereto.- Be it enacted by Parliament in the Fifty-second Year of the Republic of India as follows",Extra Ordinary,Part II-Section 2,31-Aug-2001,31-Aug-2001,NOT available ( 151240 ),4.86 MB,,,,,,pending,,
Government of India eGazette,India,Central Government Gazette,https://egazette.gov.in/(S(3coklipux0y1na54ueb5tyyy))/GazetteDirectory.aspx,Extra Ordinary,Part II-Section 3 A,2001,2.,Lok Sabha Secretariat,CSL,CSL,A Bill to provide for the establishment of a permanent Bench of Supreme Court at Nagpur. BE it enacted by Parliament in the Fifty-first Year of the Republic of India as,Extra Ordinary,Part II-Section 3 A,23-Feb-2001,23-Feb-2001,NOT available ( 151204 ),1.81 MB,,,,,,pending,,
Government of India eGazette,India,Central Government Gazette,https://egazette.gov.in/(S(3coklipux0y1na54ueb5tyyy))/GazetteDirectory.aspx,Extra Ordinary,Part II-Section 3-Sub-Section (i),2001,9.,Ministry of Finance,Department of Revenue,CSL,"In the matter of import of Partially Oriented Yam (POY) of polyesters (hereinafter referred to as the subject goods), felling under sub-heading No. 5402.42 of the First Schedule to the Customs Tariff Act, 1975 (51 of 1975), originating in, or exported from Turkey and Korea RP.",Extra Ordinary,Part II-Section 3-Sub-Section (i),27-Dec-2001,27-Dec-2001,NOT available ( 151487 ),0.16 MB,,,,,,pending,,
Government of India eGazette,India,Central Government Gazette,https://egazette.gov.in/(S(fmaxw1zrqad3uxifxrbub5hb))/GazetteDirectory.aspx,Extra Ordinary,Part II-Section 2,2002,3.,Lok Sabha Secretariat,CSL,CSL,"The following Bills were introduced on 2-8-2002 (Bill No 62 OF 2002) Bill to provide for the inclusion in the lists of Scheduled Tribes, of certain tribes or tribal communities or parts of or groups within tribes or tribal communities",Extra Ordinary,Part II-Section 2,02-Aug-2002,02-Aug-2002,NOT available ( 152359 ),0.51 MB,,,,,,pending,,
Government of India eGazette,India,Central Government Gazette,https://egazette.gov.in/(S(fmaxw1zrqad3uxifxrbub5hb))/GazetteDirectory.aspx,Extra Ordinary,Part II-Section 2,2002,15.,Lok Sabha Secretariat,CSL,CSL,"LOK SABHA-A Bill to provide for the establishment of the Petroleum Regulatory Board to regulate the refining, processing, storage, transportation, distribution, marketing and sale of petroleum and petroleum products excluding production of crude oil and natural gas",Extra Ordinary,Part II-Section 2,06-May-2002,06-May-2002,NOT available ( 152348 ),1.37 MB,,,,,,pending,,
Government of India eGazette,India,Central Government Gazette,https://egazette.gov.in/(S(3coklipux0y1na54ueb5tyyy))/GazetteDirectory.aspx,Extra Ordinary,Part II-Section 3-Sub-Section (i),2002,14.,Ministry of Finance and Company Affairs,Department of Company Affairs,CSL,"In exercise of the powers conferred by sub-section (1) of section 642,read with clause (d) of sub-section (1) of section 209 of the Companies Act, 1956 (1 of 1956) the Central Government hereby makes the following rules, namely",Extra Ordinary,Part II-Section 3-Sub-Section (i),08-Oct-2002,08-Oct-2002,NOT available ( 152670 ),1.95 MB,,,,,,pending,,
Government of India eGazette,India,Central Government Gazette,https://egazette.gov.in/(S(3coklipux0y1na54ueb5tyyy))/GazetteDirectory.aspx,Extra Ordinary,Part II-Section 3-Sub-Section (i),2002,10.,Ministry of Finance,Department of Revenue,CSL,"The matter of import of Acrylic Fibre (hereinafter referred to as the subject goods) falling under sub-heading 5501.30 or 5503.30 of the First Schedule to the Customs Tariff Act, 1975 (51 of 1975) originating in, or exported from, UK, Germany,Bulgaria and Brazil (hereinafter referred to as subject countries) the designated authority vide its preliminary findings, published in the Gazette of India, Extraordinary, Part I, Section 1,",Extra Ordinary,Part II-Section 3-Sub-Section (i),09-Oct-2002,09-Oct-2002,NOT available ( 152674 ),0.38 MB,,,,,,pending,,
Government of India eGazette,India,Central Government Gazette,https://egazette.gov.in/(S(fmaxw1zrqad3uxifxrbub5hb))/GazetteDirectory.aspx,Extra Ordinary,Part II-Section 2,2008,3.,Lok Sabha Secretariat,NOT available,NOT available,"Bill No. 77 of 2007,10 of 2008, 85 of 2007, 86 of 2007, 4 of 2008, 5 of 2008, 13 of 2008, 6 of 2008, 26 of 2008, 7 of 2008, 12 of 2008, 9 of 2008, 3 of 2008, 8 of 2008, 11 of 2008, 2 of 2008, 15 of 2008, 16 of 2008, 20 of 2008, 35 of 2008, 37 of 2008, 36 of 2008, 38 of 2008.",Extra Ordinary,Part II-Section 2,25-Apr-2008,10-Jun-2008,NOT available ( 589 ),1.89 MB,,,,,,pending,,
Government of India eGazette,India,Central Government Gazette,https://egazette.gov.in/(S(3coklipux0y1na54ueb5tyyy))/GazetteDirectory.aspx,Extra Ordinary,Part II-Section 3-Sub-Section (i),2008,1.,Ministry of Finance,Department of Revenue,NOT available,Corrigendum Notification No. 14/8/2007-DGAD dated 30 May 2008.,Extra Ordinary,Part II-Section 3-Sub-Section (i),24-Jul-2008,03-Oct-2008,NOT available ( 738 ),0.52 MB,,,,,,pending,,
Government of India eGazette,India,Central Government Gazette,https://egazette.gov.in/(S(3coklipux0y1na54ueb5tyyy))/GazetteDirectory.aspx,Extra Ordinary,Part II-Section 3-Sub-Section (i),2008,3.,Petroleum and Natural Gas Regulatory Board,NOT available,NOT available,"Petroleum and Natural Gas Regulatory Board (Affiliate Code of Conduct for Entities Engaged in Marketing of Natural Gas and Laying, Building, Operating or Expanding Natural Gas Pipeline) Regulations, 2008.",Extra Ordinary,Part II-Section 3-Sub-Section (i),17-Jul-2008,23-Sep-2008,NOT available ( 673 ),1.91 MB,,,,,,pending,,
Government of India eGazette,India,Central Government Gazette,https://egazette.gov.in/(S(3coklipux0y1na54ueb5tyyy))/GazetteDirectory.aspx,Extra Ordinary,Part II-Section 3-Sub-Section (i),2010,10.,"Ministry of Personnel, Public Grievances and Pensions",Department of Personnel and Training,NOT available,"Central Govt. in consultation with the Govt. of Manipur and Tripura, hereby makes the following regulations furthr to amend the Indian Administrative Service (Fixation of Cadre Strength) Regulations, 1955,as Regulations,2010.",Extra Ordinary,Part II-Section 3-Sub-Section (i),10-Feb-2010,21-Dec-2010,NOT available ( 8838 ),0.46 MB,,,,,,pending,,
Government of India eGazette,India,Central Government Gazette,https://egazette.gov.in/(S(3coklipux0y1na54ueb5tyyy))/GazetteDirectory.aspx,Extra Ordinary,Part II-Section 3-Sub-Section (i),2010,9.,Ministry of Finance,Department of Revenue,NOT available,"The Govt. of India in the Ministry of Finance (Department of Revenue), No. 21/2002-Customs, dated the March, 2002 which was published in the Gazette of Extraordinary, vide number G.S.R. 118(E) dated the 1 March 2002",Extra Ordinary,Part II-Section 3-Sub-Section (i),11-Feb-2010,22-Dec-2010,NOT available ( 8893 ),0.08 MB,,,,,,pending,,
Government of India eGazette,India,Central Government Gazette,https://egazette.gov.in/(S(3coklipux0y1na54ueb5tyyy))/GazetteDirectory.aspx,Extra Ordinary,Part II-Section 3-Sub-Section (i),2010,11.,"Ministry of Consumer Affairs, Food and Public Distribution",Department of Food and Public Distribution,NOT available,The Central Govt. after consultation with such authorities bodies and Associations as are considered necessary by it to be consulted and on the basis of the 'fair and remunerative price' of sugarcane,Extra Ordinary,Part II-Section 3-Sub-Section (i),10-Feb-2010,21-Dec-2010,NOT available ( 8835 ),1.98 MB,,,,,,pending,,
Government of India eGazette,India,Central Government Gazette,https://egazette.gov.in/(S(3coklipux0y1na54ueb5tyyy))/GazetteDirectory.aspx,Extra Ordinary,Part II-Section 3-Sub-Section (i),2010,14.,Ministry of Civil Aviation,NOT available,NOT available,Central Govt. hereby establishes the Airports Economic Regulatory Authority Appellate Tribunal,Extra Ordinary,Part II-Section 3-Sub-Section (i),04-Feb-2010,01-Dec-2010,NOT available ( 7825 ),4.64 MB,,,,,,pending,,
Government of India eGazette,India,Central Government Gazette,https://egazette.gov.in/(S(3coklipux0y1na54ueb5tyyy))/GazetteDirectory.aspx,Extra Ordinary,Part II-Section 3-Sub-Section (i),2010,15.,Ministry of Human Resource Development,Department of Higher Education,NOT available,"Central Govt. vide Notification No. S. O. 893(E) dt 17 April, 2008 in Gazette established The Council for all NITs",Extra Ordinary,Part II-Section 3-Sub-Section (i),04-Feb-2010,01-Dec-2010,NOT available ( 7822 ),3.96 MB,,,,,,pending,,
Government of India eGazette,India,Central Government Gazette,https://egazette.gov.in/(S(3coklipux0y1na54ueb5tyyy))/GazetteDirectory.aspx,Extra Ordinary,Part II-Section 3-Sub-Section (i),2011,14.,Ministry of Home Affairs,NOT available,NOT available,"The President hereby makes the following rules regulating the method of recruitment to the post of Junior Staff Officer in the Ministry of Home Affairs, National Crime Records Bureau, Computer and Systems Division, may be called the Ministry of Home Affairs, National Crime Records Bureau, Computer and Systems Division, Junior Staff Officer (Group A Post) Recruitment Rules, 2011.",Extra Ordinary,Part II-Section 3-Sub-Section (i),18-Feb-2011,26-Dec-2011,NOT available ( 28437 ),0.32 MB,,,,,,pending,,
Government of India eGazette,India,Central Government Gazette,https://egazette.gov.in/(S(3coklipux0y1na54ueb5tyyy))/GazetteDirectory.aspx,Extra Ordinary,Part II-Section 3-Sub-Section (i),2011,8.,Ministry of Agriculture and Farmers Welfare,Department of Agriculture and Cooperation,NOT available,"The Central Govt. hereby makes the following rules, may be called Jatropha Seeds Grading and Marking Rules, 2011.",Extra Ordinary,Part II-Section 3-Sub-Section (i),22-Feb-2011,27-Dec-2011,NOT available ( 28563 ),0.34 MB,,,,,,pending,,
Government of India eGazette,India,Central Government Gazette,https://egazette.gov.in/(S(3coklipux0y1na54ueb5tyyy))/GazetteDirectory.aspx,Extra Ordinary,Part II-Section 3-Sub-Section (i),2011,2.,Ministry of Home Affairs,NOT available,NOT available,"The Central Govt. hereby makes the following rules further to amend the registration of Foreigners Rules, 1992, may be called the Registration of Foreigners (Amendment) Rules, 2011.",Extra Ordinary,Part II-Section 3-Sub-Section (i),25-Feb-2011,31-Dec-2011,NOT available ( 28679 ),0.76 MB,,,,,,pending,,
Government of India eGazette,India,Central Government Gazette,https://egazette.gov.in/(S(3coklipux0y1na54ueb5tyyy))/GazetteDirectory.aspx,Extra Ordinary,Part II-Section 3-Sub-Section (i),2011,10.,Ministry of Finance,Department of Economic Affairs,NOT available,"The President hereby makes the following rules further to amend the Indian Economic Service Rules, 2008, may be called the Indian Economic Service (Amendment) Rules, 2011.",Extra Ordinary,Part II-Section 3-Sub-Section (i),18-Feb-2011,26-Dec-2011,NOT available ( 28489 ),0.41 MB,,,,,,pending,,
Government of India eGazette,India,Central Government Gazette,https://egazette.gov.in/(S(3coklipux0y1na54ueb5tyyy))/GazetteDirectory.aspx,Extra Ordinary,Part II-Section 3-Sub-Section (i),2012,6.,"Ministry of Consumer Affairs, Food and Public Distribution",Department of Food and Public Distribution,NOT available,"The Salaries, Allowances and other Terms and Conditions of Service of Chairperson and Members of Warehousing Development and Regulatory Authority (Amendment) Rules, 2012.",Extra Ordinary,Part II-Section 3-Sub-Section (i),18-Oct-2012,27-Dec-2012,NOT available ( 35638 ),0.04 MB,,,,,,pending,,
Government of India eGazette,India,Central Government Gazette,https://egazette.gov.in/(S(3coklipux0y1na54ueb5tyyy))/GazetteDirectory.aspx,Extra Ordinary,Part II-Section 3-Sub-Section (i),2012,15.,Ministry of Finance,Department of Revenue,NOT available,"Modifications in the Provisions of Section 28AAA of the Customs Act, 1962.",Extra Ordinary,Part II-Section 3-Sub-Section (i),10-Oct-2012,27-Dec-2012,NOT available ( 35601 ),0.03 MB,,,,,,pending,,
Government of India eGazette,India,Central Government Gazette,https://egazette.gov.in/(S(3coklipux0y1na54ueb5tyyy))/GazetteDirectory.aspx,Extra Ordinary,Part II-Section 3-Sub-Section (i),2012,14.,Ministry of Finance,Department of Revenue,NOT available,"Corrigendum to the Notification No. 46/2012-Customs(ADD) dated 4th October, 2012.",Extra Ordinary,Part II-Section 3-Sub-Section (i),11-Oct-2012,27-Dec-2012,NOT available ( 35629 ),0.02 MB,,,,,,pending,,
Government of India eGazette,India,Central Government Gazette,https://egazette.gov.in/(S(3coklipux0y1na54ueb5tyyy))/GazetteDirectory.aspx,Extra Ordinary,Part II-Section 3-Sub-Section (i),2012,1.,Reserve Bank of India,Foreign Exchange Department,Central Office,"The Foreign Exchange Management (Transfer or Issue of Security by a Person Resident outside India) (Sixth Amendment) Regulations, 2012.",Extra Ordinary,Part II-Section 3-Sub-Section (i),30-Oct-2012,24-Dec-2012,NOT available ( 35610 ),2.65 MB,,,,,,pending,,
Government of India eGazette,India,Central Government Gazette,https://egazette.gov.in/(S(csef4xqsrcjzv5gfv2v0melh))/GazetteDirectory.aspx,Extra Ordinary,Part I-Section 1,2013,1.,Ministry of Human Resource Development,Not Applicable,Not Applicable,"With a view to organising the 10th Anniversary of Smt. Indira Gandhis Martyrdom, a National Committee has been constituted by the Government of India as under",Extra Ordinary,Part I-Section 1,21-May-2021,26-Mar-2013,NOT available ( 52615 ),NA,,,,,,pending,,
Government of India eGazette,India,Central Government Gazette,https://egazette.gov.in/(S(4bmk4mdcrlzmu1ymzjmwtcuf))/GazetteDirectory.aspx,Extra Ordinary,Part I-Section 4,2013,9.,Ministry of Defence,Army Branch,Not Applicable,The President is pleased to grant honorary commissions to the undermentioned,Extra Ordinary,Part I-Section 4,26-Jan-1998,26-Mar-2013,NOT available ( 66341 ),NA,,,,,,pending,,
Government of India eGazette,India,Central Government Gazette,https://egazette.gov.in/(S(4txqndqztzlez1ats0zf54h0))/GazetteDirectory.aspx,Extra Ordinary,Part II-Section 1,2013,1.,"Ministry of Law, Justice and Company Affairs",Legislative Department,Not Applicable,"THE RAJASTHAN APPROPRIATION (VOTE ON ACCOUNT) ACT, 1980 No. 29 OF 1980",Extra Ordinary,Part II-Section 1,28-Mar-2022,26-Mar-2013,NOT available ( 82988 ),NA,,,,,,pending,,
Government of India eGazette,India,Central Government Gazette,https://egazette.gov.in/(S(fmaxw1zrqad3uxifxrbub5hb))/GazetteDirectory.aspx,Extra Ordinary,Part II-Section 2,2013,10.,Rajya Sabha Secretariat,NOT available,NOT available,"The Merchant Shipping (Second Amendment) Act, 2013.",Extra Ordinary,Part II-Section 2,19-Aug-2013,31-Aug-2013,NOT available ( 155957 ),0.7 MB,,,,,,pending,,
Government of India eGazette,India,Central Government Gazette,https://egazette.gov.in/(S(3coklipux0y1na54ueb5tyyy))/GazetteDirectory.aspx,Extra Ordinary,Part II-Section 3 A,2013,1.,"Ministry of Law, Justice and Company Affairs",CSL,CSL,"The translation in Hindi of the Marine Products Export Development Authority Rules, 1972 is hereby published under the authority of the President and shall be deemed",Extra Ordinary,Part II-Section 3 A,24-Dec-1998,26-Mar-2013,NOT available ( 43756 ),0.48 MB,,,,,,pending,,
Government of India eGazette,India,Central Government Gazette,https://egazette.gov.in/(S(3coklipux0y1na54ueb5tyyy))/GazetteDirectory.aspx,Extra Ordinary,Part II-Section 3 A,2013,7.,Ministry of Health and Family Welfare,Department,Not Applicable,The following draft of certain rule farther to amend the Prevention of Food Adulteration Rules 1935 which the Central Government after consultation with the Central Committee for,Extra Ordinary,Part II-Section 3 A,25-Jul-1996,26-Mar-2013,NOT available ( 48710 ),0.78 MB,,,,,,pending,,
Government of India eGazette,India,Central Government Gazette,https://egazette.gov.in/(S(3coklipux0y1na54ueb5tyyy))/GazetteDirectory.aspx,Extra Ordinary,Part II-Section 3-Sub-Section (i),2013,7.,Ministry of Chemicals and Fertilizers,Department of Chemicals and Petro Chemicals,NOT available,"The Central Govt. hereby extends the tenure of Shri Justice Rajendra Menon, a sitting Judge of the High Court of Madhya Pradesh to hold concurrent charge of the post of Commissioner for the Welfare of the Victims of Bhopal Gas Leak Disaster, for a period of one year with effect from 25-11-2013.",Extra Ordinary,Part II-Section 3-Sub-Section (i),13-Dec-2013,16-Dec-2013,NOT available ( 157324 ),0.07 MB,,,,,,pending,,
Government of India eGazette,India,Central Government Gazette,https://egazette.gov.in/(S(3coklipux0y1na54ueb5tyyy))/GazetteDirectory.aspx,Extra Ordinary,Part II-Section 3-Sub-Section (i),2013,5.,Ministry of Home Affairs,NOT available,NOT available,"The Central Govt. hereby makes the following rules to amend the Investigation of High Quality Counterfeit Indian Currency Offences Rules, 2013, These rules may be called the Investigation of High Quality Counterfeit Indian Currency Offences (Amendment) Rules, 2013.",Extra Ordinary,Part II-Section 3-Sub-Section (i),18-Dec-2013,26-Dec-2013,NOT available ( 157373 ),0.05 MB,,,,,,pending,,
Government of India eGazette,India,Central Government Gazette,https://egazette.gov.in/(S(3coklipux0y1na54ueb5tyyy))/GazetteDirectory.aspx,Extra Ordinary,Part II-Section 3-Sub-Section (i),2013,12.,"Ministry of Personnel, Public Grievances and Pensions",Department of Personnel and Training,NOT available,"The President hereby makes the following regulations further to amend the Union Public Service Commission (Exemption from Consultation) Regulations, 1958, These regulations may be called the Union Public Service Commission (Exemption from Consultation) Third Amendment Regulations, 2013.",Extra Ordinary,Part II-Section 3-Sub-Section (i),11-Dec-2013,17-Dec-2013,NOT available ( 157328 ),0.09 MB,,,,,,pending,,
Government of India eGazette,India,Central Government Gazette,https://egazette.gov.in/(S(3coklipux0y1na54ueb5tyyy))/GazetteDirectory.aspx,Extra Ordinary,Part II-Section 3-Sub-Section (i),2013,14.,Ministry of Housing and Urban Affairs,Directorate of Estates,NOT available,"The President hereby makes the following rules further to amend the Allotment of Govt. Residences (General Pool in Delhi) Rules, 1963, These rules may be called the Allotment of Govt. Residences (General Pool in Delhi) Amendment Rules, 2013.",Extra Ordinary,Part II-Section 3-Sub-Section (i),09-Dec-2013,17-Dec-2013,NOT available ( 157277 ),0.24 MB,,,,,,pending,,
Government of India eGazette,India,Central Government Gazette,https://egazette.gov.in/(S(3coklipux0y1na54ueb5tyyy))/GazetteDirectory.aspx,Extra Ordinary,Part II-Section 3-Sub-Section (i),2013,9.,Ministry of Social Justice and Empowerment,NOT available,NOT available,"In exercise of the powers conferred by sub-sections (1) and (2) of Section 36 read with clause (a) of Sub-Section (1) of Section 37 of the Prohibition of Employment As Manual Scavengers and their Rehabilitation Act, 2013 (25 of 2013),",Extra Ordinary,Part II-Section 3-Sub-Section (i),12-Dec-2013,13-Dec-2013,NOT available ( 157291 ),0.31 MB,,,,,,pending,,
Government of India eGazette,India,Central Government Gazette,https://egazette.gov.in/(S(3coklipux0y1na54ueb5tyyy))/GazetteDirectory.aspx,Extra Ordinary,Part II-Section 3-Sub-Section (i),2013,1.,"Ministry of Food, Agri., Comm. Dev. and Co-op.",Department of Food,Not Applicable,In exercise of the powers conferred by section 3 of the Essential Commodities Act 1955 10 of 1955 the Central Government hereby,Extra Ordinary,Part II-Section 3-Sub-Section (i),15-Aug-2022,26-Mar-2013,NOT available ( 103274 ),NA,,,,,,pending,,
Government of India eGazette,India,Central Government Gazette,https://egazette.gov.in/(S(3coklipux0y1na54ueb5tyyy))/GazetteDirectory.aspx,Extra Ordinary,Part II-Section 3-Sub-Section (i),2013,2.,Ministry of Surface Transport,Ports Wing,Not Applicable,In partial modification of para 2 of this Ministrys Notification issued,Extra Ordinary,Part II-Section 3-Sub-Section (i),15-Mar-2021,26-Mar-2013,NOT available ( 66580 ),NA,,,,,,pending,,
Government of India eGazette,India,Central Government Gazette,https://egazette.gov.in/(S(3coklipux0y1na54ueb5tyyy))/GazetteDirectory.aspx,Extra Ordinary,Part II-Section 3 A,2014,7.,Ministry of Law and Justice,Legislative Department,NOT available,"The translation in Hindi of the Daman and Diu Marine Fishing (Amendment) Regulation, 2010",Extra Ordinary,Part II-Section 3 A,12-Aug-2013,02-Jan-2014,NOT available ( 157391 ),1.26 MB,,,,,,pending,,
Government of India eGazette,India,Central Government Gazette,https://egazette.gov.in/(S(3coklipux0y1na54ueb5tyyy))/GazetteDirectory.aspx,Extra Ordinary,Part II-Section 3 A,2014,5.,Ministry of Law and Justice,Legislative Department,NOT available,"The translation in Hindi of the Andaman and Nicobar Islands (Protection of Aboriginal Tribes) Amendment Regulation, 2012",Extra Ordinary,Part II-Section 3 A,12-Aug-2013,02-Jan-2014,NOT available ( 157393 ),2.84 MB,,,,,,pending,,
Government of India eGazette,India,Central Government Gazette,https://egazette.gov.in/(S(3coklipux0y1na54ueb5tyyy))/GazetteDirectory.aspx,Extra Ordinary,Part II-Section 3-Sub-Section (i),2014,14.,Ministry of Finance,Department of Revenue,NOT available,"The Central Govt, on the basis of aforesaid finding and recommendation of the designated authority, hereby imposes on the subject goods, the description of which is specified in column (3) of the Table below.",Extra Ordinary,Part II-Section 3-Sub-Section (i),08-Dec-2014,27-Dec-2014,NOT available ( 162167 ),0.2 MB,,,,,,pending,,
Government of India eGazette,India,Central Government Gazette,https://egazette.gov.in/(S(3coklipux0y1na54ueb5tyyy))/GazetteDirectory.aspx,Extra Ordinary,Part II-Section 3-Sub-Section (i),2014,2.,Ministry of Labour and Employment,NOT available,NOT available,"Corrigendum in the notification No. G.S.R. 784(E) dt. 10 November, 2014.",Extra Ordinary,Part II-Section 3-Sub-Section (i),16-Dec-2014,24-Dec-2014,NOT available ( 162170 ),0.1 MB,,,,,,pending,,
Government of India eGazette,India,Central Government Gazette,https://egazette.gov.in/(S(3coklipux0y1na54ueb5tyyy))/GazetteDirectory.aspx,Extra Ordinary,Part II-Section 3-Sub-Section (i),2014,9.,Ministry of Environment and Forests,Climate Change Division,NOT available,"These rules may be called the Ministry of Environment, Forest and Climate Change (Library and Information Assistant) Recruitment Rules, 2014.",Extra Ordinary,Part II-Section 3-Sub-Section (i),11-Dec-2014,27-Dec-2014,NOT available ( 162145 ),0.11 MB,,,,,,pending,,
Government of India eGazette,India,Central Government Gazette,https://egazette.gov.in/(S(3coklipux0y1na54ueb5tyyy))/GazetteDirectory.aspx,Extra Ordinary,Part II-Section 3-Sub-Section (i),2014,6.,Ministry of Labour and Employment,NOT available,NOT available,"The Central Govt. hereby makes the following Scheme, further to amend the Employees Provident Funds Scheme, 1952, This Scheme may be called the Employees Provident Funds (Fifth Amendment) Scheme, 2014.",Extra Ordinary,Part II-Section 3-Sub-Section (i),12-Dec-2014,27-Dec-2014,NOT available ( 162155 ),0.13 MB,,,,,,pending,,
Government of India eGazette,India,Central Government Gazette,https://egazette.gov.in/(S(3coklipux0y1na54ueb5tyyy))/GazetteDirectory.aspx,Extra Ordinary,Part II-Section 3-Sub-Section (i),2014,11.,Ministry of Coal,NOT available,NOT available,"The Central Govt. hereby makes the following rules, These rules may be called the Coal Mines (Special Provisions) Rules, 2014.",Extra Ordinary,Part II-Section 3-Sub-Section (i),11-Dec-2014,11-Dec-2014,NOT available ( 162028 ),0.39 MB,,,,,,pending,,
Government of India eGazette,India,Central Government Gazette,https://egazette.gov.in/(S(3coklipux0y1na54ueb5tyyy))/GazetteDirectory.aspx,Extra Ordinary,Part II-Section 3-Sub-Section (i),2015,15.,Ministry of Finance,Department of Revenue,Central Board of Indirect Taxes and Customs,"In exercise of the powers conferred by clause (aa) of sub-section (1) of Section 7 of the Customs Act, 1962 (52 of 1962), the Central Board of Excise",Extra Ordinary,Part II-Section 3-Sub-Section (i),18-Dec-2015,22-Dec-2015,NOT available ( 167245 ),0.06 MB,,,,,,pending,,
Government of India eGazette,India,Central Government Gazette,https://egazette.gov.in/(S(3coklipux0y1na54ueb5tyyy))/GazetteDirectory.aspx,Extra Ordinary,Part II-Section 3-Sub-Section (i),2015,2.,Ministry of Health and Family Welfare,Department of Health and Family Welfare,NOT available,"The following draft of certain rules further to amend the Drugs and Cosmetics Rules, 1945, which the Central Govt., proposes to make in exercise of the powers conferred by section 12 and section 33 of the Drugs and Cosmetics Act, 1940 (23 of 1940), is hereby published for the information of all persons likely to be affected thereby,",Extra Ordinary,Part II-Section 3-Sub-Section (i),29-Dec-2015,30-Dec-2015,NOT available ( 167328 ),0.19 MB,,,,,,pending,,
Government of India eGazette,India,Central Government Gazette,https://egazette.gov.in/(S(3coklipux0y1na54ueb5tyyy))/GazetteDirectory.aspx,Extra Ordinary,Part II-Section 3-Sub-Section (i),2015,10.,Ministry of Mines,NOT available,NOT available,In exercise of the powers conferred by the proviso to article 309 of the Constitution and in supersession of the Indian Bureau of Mines,Extra Ordinary,Part II-Section 3-Sub-Section (i),22-Dec-2015,28-Dec-2015,NOT available ( 167288 ),0.3 MB,,,,,,pending,,
Government of India eGazette,India,Central Government Gazette,https://egazette.gov.in/(S(3coklipux0y1na54ueb5tyyy))/GazetteDirectory.aspx,Extra Ordinary,Part II-Section 3-Sub-Section (i),2015,8.,"Ministry of Environment, Forest and Climate Change",NOT available,NOT available,"In exercise of the powers conferred by the proviso to article 309 of the Constitution, the President hereby makes the following rules regulating the method of recruitment to the Group B Post of Assistant in the National Institute of Animal Welfare, Ballabhgarh, Ministry of Environment,",Extra Ordinary,Part II-Section 3-Sub-Section (i),22-Dec-2015,29-Dec-2015,NOT available ( 167311 ),0.15 MB,,,,,,pending,,
Government of India eGazette,India,Central Government Gazette,https://egazette.gov.in/(S(3coklipux0y1na54ueb5tyyy))/GazetteDirectory.aspx,Extra Ordinary,Part II-Section 3-Sub-Section (i),2015,3.,"Ministry of Personnel, Public Grievances and Pensions",Department of Personnel and Training,NOT available,"In exercise of the powers conferred by sub-section 1 of Section 3 of the All India Services Act, 1951 61 of 1951, the Central Government, after consultation with the State Governments, hereby makes the following rules further to amend the All India Services",Extra Ordinary,Part II-Section 3-Sub-Section (i),23-Dec-2015,29-Dec-2015,NOT available ( 167314 ),0.14 MB,,,,,,pending,,
Government of India eGazette,India,Central Government Gazette,https://egazette.gov.in/(S(3coklipux0y1na54ueb5tyyy))/GazetteDirectory.aspx,Extra Ordinary,Part II-Section 3-Sub-Section (i),2015,9.,"Ministry of Environment, Forest and Climate Change",NOT available,NOT available,"In exercise of the powers conferred by the proviso to article 309 of the Constitution, the President hereby makes the following rules regulating the method of recruitment to the Group B Post of Office Superintendent in the National Institute of Animal Welfare",Extra Ordinary,Part II-Section 3-Sub-Section (i),22-Dec-2015,29-Dec-2015,NOT available ( 167310 ),0.12 MB,,,,,,pending,,
Government of India eGazette,India,Central Government Gazette,https://egazette.gov.in/(S(4txqndqztzlez1ats0zf54h0))/GazetteDirectory.aspx,Extra Ordinary,Part II-Section 1,2016,4.,Ministry of Law and Justice,Legislative Department,Not Applicable,"The Appropriation (No. 4) Act, 2016.",Extra Ordinary,Part II-Section 1,28-Dec-2016,28-Dec-2016,NOT available ( 173327 ),1.01 MB,,,,,,pending,,
Government of India eGazette,India,Central Government Gazette,https://egazette.gov.in/(S(fmaxw1zrqad3uxifxrbub5hb))/GazetteDirectory.aspx,Extra Ordinary,Part II-Section 2,2016,14.,Lok Sabha Secretariat,Not Applicable,Not Applicable,"Bill was introduced in Lok Sabha on 9th August, 2016.",Extra Ordinary,Part II-Section 2,09-Aug-2016,23-Aug-2016,NOT available ( 171382 ),0.99 MB,,,,,,pending,,
Government of India eGazette,India,Central Government Gazette,https://egazette.gov.in/(S(fmaxw1zrqad3uxifxrbub5hb))/GazetteDirectory.aspx,Extra Ordinary,Part II-Section 2,2016,7.,Lok Sabha Secretariat,Not Applicable,Not Applicable,"The Following Bill was introduced in Lok Sabha on 28th November, 2016, The Taxation Laws (Second Amendment) Act, 2016.",Extra Ordinary,Part II-Section 2,28-Nov-2016,28-Nov-2016,NOT available ( 172804 ),0.94 MB,,,,,,pending,,
Government of India eGazette,India,Central Government Gazette,https://egazette.gov.in/(S(3coklipux0y1na54ueb5tyyy))/GazetteDirectory.aspx,Extra Ordinary,Part II-Section 3-Sub-Section (i),2016,12.,Ministry of Finance,Department of Revenue,Not Applicable,Central Government being satisfied that it is necessary in the public interest so to do hereby makes the following further amendments,Extra Ordinary,Part II-Section 3-Sub-Section (i),27-Dec-2016,28-Dec-2016,NOT available ( 173298 ),0.21 MB,,,,,,pending,,
Government of India eGazette,India,Central Government Gazette,https://egazette.gov.in/(S(3coklipux0y1na54ueb5tyyy))/GazetteDirectory.aspx,Extra Ordinary,Part II-Section 3-Sub-Section (i),2016,14.,Ministry of External Affairs,Not Applicable,Not Applicable,Central Government hereby makes the following rules further to amend the Passport Rules 1980,Extra Ordinary,Part II-Section 3-Sub-Section (i),26-Dec-2016,26-Dec-2016,NOT available ( 173267 ),0.33 MB,,,,,,pending,,
Government of India eGazette,India,Central Government Gazette,https://egazette.gov.in/(S(3coklipux0y1na54ueb5tyyy))/GazetteDirectory.aspx,Extra Ordinary,Part II-Section 3-Sub-Section (i),2016,2.,"Ministry of Personnel, Public Grievances and Pensions",Department of Personnel and Training,Not Applicable,"In exercise of the powers conferred by subsection 1 of section 3 of the All India Services Act, 1951",Extra Ordinary,Part II-Section 3-Sub-Section (i),30-Dec-2016,30-Dec-2016,NOT available ( 173366 ),0.27 MB,,,,,,pending,,
Government of India eGazette,India,Central Government Gazette,https://egazette.gov.in/(S(3coklipux0y1na54ueb5tyyy))/GazetteDirectory.aspx,Extra Ordinary,Part II-Section 3-Sub-Section (i),2016,13.,Ministry of Finance,Department of Revenue,Not Applicable,In exercise of the powers conferred by the proviso to article 309 of the Constitution of India and in supersession of the Central Excise,Extra Ordinary,Part II-Section 3-Sub-Section (i),26-Dec-2016,29-Dec-2016,NOT available ( 173297 ),1.36 MB,,,,,,pending,,
Government of India eGazette,India,Central Government Gazette,https://egazette.gov.in/(S(3coklipux0y1na54ueb5tyyy))/GazetteDirectory.aspx,Extra Ordinary,Part II-Section 3-Sub-Section (i),2016,10.,"Ministry of Personnel, Public Grievances and Pensions",Department of Personnel and Training,Not Applicable,"In exercise of the powers conferred by subsection 1 of section 3 of the All India Services Act, 1951",Extra Ordinary,Part II-Section 3-Sub-Section (i),27-Dec-2016,28-Dec-2016,NOT available ( 173313 ),0.28 MB,,,,,,pending,,
Government of India eGazette,India,Central Government Gazette,https://egazette.gov.in/(S(3coklipux0y1na54ueb5tyyy))/GazetteDirectory.aspx,Extra Ordinary,Part II-Section 3-Sub-Section (i),2016,9.,"Ministry of Environment, Forest and Climate Change",Not Applicable,Not Applicable,In exercise of the powers conferred by the proviso to article 309 of the Constitution,Extra Ordinary,Part II-Section 3-Sub-Section (i),27-Dec-2016,28-Dec-2016,NOT available ( 173321 ),0.23 MB,,,,,,pending,,
Government of India eGazette,India,Central Government Gazette,https://egazette.gov.in/(S(3coklipux0y1na54ueb5tyyy))/GazetteDirectory.aspx,Extra Ordinary,Part II-Section 3-Sub-Section (i),2016,15.,Ministry of External Affairs,Not Applicable,Not Applicable,Central Government hereby makes the following rules further to amend the Passports Rules 1980,Extra Ordinary,Part II-Section 3-Sub-Section (i),26-Dec-2016,26-Dec-2016,NOT available ( 173262 ),0.22 MB,,,,,,pending,,
Government of India eGazette,India,Central Government Gazette,https://egazette.gov.in/(S(3coklipux0y1na54ueb5tyyy))/GazetteDirectory.aspx,Extra Ordinary,Part II-Section 3-Sub-Section (i),2016,4.,Ministry of Labour and Employment,Not Applicable,Not Applicable,In exercise of powers conferred by section 6A read with subsection 1 of section 7 of the Employees Provident Funds and,Extra Ordinary,Part II-Section 3-Sub-Section (i),30-Dec-2016,30-Dec-2016,NOT available ( 173363 ),0.18 MB,,,,,,pending,,
Government of India eGazette,India,Central Government Gazette,https://egazette.gov.in/(S(3coklipux0y1na54ueb5tyyy))/GazetteDirectory.aspx,Extra Ordinary,Part II-Section 3-Sub-Section (i),2016,8.,Ministry of Finance,Department of Revenue,Not Applicable,"In exercise of the powers conferred by section 85 read with section 32, section 74 and section 77 of the Black Money",Extra Ordinary,Part II-Section 3-Sub-Section (i),28-Dec-2016,28-Dec-2016,NOT available ( 173322 ),0.25 MB,,,,,,pending,,
Government of India eGazette,India,Central Government Gazette,https://egazette.gov.in/(S(3coklipux0y1na54ueb5tyyy))/GazetteDirectory.aspx,Extra Ordinary,Part II-Section 3-Sub-Section (i),2017,1,2,3,4,5,6,7,8,9,10,...,"javascript:__doPostBack('gvGazetteList','Page$11')",,,,,pending,,
Government of India eGazette,India,Central Government Gazette,https://egazette.gov.in/(S(3coklipux0y1na54ueb5tyyy))/GazetteDirectory.aspx,Extra Ordinary,Part II-Section 3-Sub-Section (i),2017,2.,Ministry of Finance,Department of Revenue,Not Applicable,In exercise of the powers conferred by sub section 1 of section 25 of the Customs Act,Extra Ordinary,Part II-Section 3-Sub-Section (i),29-Dec-2017,31-Dec-2017,NOT available ( 181274 ),1.6 MB,,,,,,pending,,
Government of India eGazette,India,Central Government Gazette,https://egazette.gov.in/(S(3coklipux0y1na54ueb5tyyy))/GazetteDirectory.aspx,Extra Ordinary,Part II-Section 3-Sub-Section (i),2017,15.,"Ministry of Personnel, Public Grievances and Pensions",Department of Personnel and Training,Not Applicable,"In exercise of the powers conferred by sub section 1 of section 3 of the All India Services Act, 1951",Extra Ordinary,Part II-Section 3-Sub-Section (i),21-Dec-2017,23-Dec-2017,NOT available ( 181137 ),1.71 MB,,,,,,pending,,
Government of India eGazette,India,Central Government Gazette,https://egazette.gov.in/(S(3coklipux0y1na54ueb5tyyy))/GazetteDirectory.aspx,Extra Ordinary,Part II-Section 3-Sub-Section (i),2017,5.,Ministry of Finance,Department of Revenue,Central Board of Indirect Taxes and Customs,In exercise of the powers conferred by sub section 1 of section 4 of the Customs Act,Extra Ordinary,Part II-Section 3-Sub-Section (i),28-Dec-2017,29-Dec-2017,NOT available ( 181221 ),1.85 MB,,,,,,pending,,
Government of India eGazette,India,Central Government Gazette,https://egazette.gov.in/(S(3coklipux0y1na54ueb5tyyy))/GazetteDirectory.aspx,Extra Ordinary,Part II-Section 3-Sub-Section (i),2017,9.,"Ministry of Personnel, Public Grievances and Pensions",Department of Personnel and Training,Not Applicable,In exercise of the powers conferred by sub section 1 of section 3 of the All India Services Act,Extra Ordinary,Part II-Section 3-Sub-Section (i),22-Dec-2017,26-Dec-2017,NOT available ( 181146 ),1.72 MB,,,,,,pending,,
Government of India eGazette,India,Central Government Gazette,https://egazette.gov.in/(S(3coklipux0y1na54ueb5tyyy))/GazetteDirectory.aspx,Extra Ordinary,Part II-Section 3-Sub-Section (i),2017,11.,Ministry of Finance,Department of Revenue,Not Applicable,"In exercise of the powers conferred by sub section 1 of section 25 of the Customs Act,",Extra Ordinary,Part II-Section 3-Sub-Section (i),22-Dec-2017,23-Dec-2017,NOT available ( 181131 ),1.59 MB,,,,,,pending,,
Government of India eGazette,India,Central Government Gazette,https://egazette.gov.in/(S(3coklipux0y1na54ueb5tyyy))/GazetteDirectory.aspx,Extra Ordinary,Part II-Section 3-Sub-Section (i),2017,14.,"Ministry of Personnel, Public Grievances and Pensions",Department of Personnel and Training,Not Applicable,In exercise of the powers conferred by sub section 1 of Section 3 of the All India Service Act,Extra Ordinary,Part II-Section 3-Sub-Section (i),21-Dec-2017,26-Dec-2017,NOT available ( 181147 ),1.77 MB,,,,,,pending,,
Government of India eGazette,India,Central Government Gazette,https://egazette.gov.in/(S(3coklipux0y1na54ueb5tyyy))/GazetteDirectory.aspx,Extra Ordinary,Part II-Section 3-Sub-Section (i),2017,3.,Ministry of Finance,Department of Revenue,Central Board of Indirect Taxes and Customs,In exercise of the powers conferred by section 148 of the Central Goods and Services Tax Act,Extra Ordinary,Part II-Section 3-Sub-Section (i),29-Dec-2017,29-Dec-2017,NOT available ( 181239 ),1.82 MB,,,,,,pending,,
Government of India eGazette,India,Central Government Gazette,https://egazette.gov.in/(S(3coklipux0y1na54ueb5tyyy))/GazetteDirectory.aspx,Extra Ordinary,Part II-Section 3-Sub-Section (i),2017,13.,Ministry of Railways,Railway Board,Not Applicable,In exercise of the powers conferred by the proviso to article 309 of the Constitution and in supersession,Extra Ordinary,Part II-Section 3-Sub-Section (i),22-Dec-2017,22-Dec-2017,NOT available ( 181119 ),1.68 MB,,,,,,pending,,
Government of India eGazette,India,Central Government Gazette,https://egazette.gov.in/(S(3coklipux0y1na54ueb5tyyy))/GazetteDirectory.aspx,Extra Ordinary,Part II-Section 3-Sub-Section (i),2017,12.,Ministry of Finance,Department of Revenue,Not Applicable,In exercise of the powers conferred by sub section 1 of section 25 of the Customs Act 1962,Extra Ordinary,Part II-Section 3-Sub-Section (i),22-Dec-2017,23-Dec-2017,NOT available ( 181121 ),1.57 MB,,,,,,pending,,
Government of India eGazette,India,Central Government Gazette,https://egazette.gov.in/(S(3coklipux0y1na54ueb5tyyy))/GazetteDirectory.aspx,Extra Ordinary,Part II-Section 3-Sub-Section (i),2017,7.,"Ministry of Ports, Shipping and Waterways",Not Applicable,Not Applicable,"In pursuance of clause c of sub section 1 of Section 3 of the Major Port Trusts Act, 1963",Extra Ordinary,Part II-Section 3-Sub-Section (i),22-Dec-2017,26-Dec-2017,NOT available ( 181153 ),1.54 MB,,,,,,pending,,
Government of India eGazette,India,Central Government Gazette,https://egazette.gov.in/(S(3coklipux0y1na54ueb5tyyy))/GazetteDirectory.aspx,Extra Ordinary,Part II-Section 3-Sub-Section (i),2017,6.,Ministry of Culture,Archaeological Survey of India,Not Applicable,The following draft of certain rules further to amend the Ancient Monuments and Archaeological,Extra Ordinary,Part II-Section 3-Sub-Section (i),22-Dec-2017,29-Dec-2017,NOT available ( 181228 ),1.63 MB,,,,,,pending,,
Government of India eGazette,India,Central Government Gazette,https://egazette.gov.in/(S(3coklipux0y1na54ueb5tyyy))/GazetteDirectory.aspx,Extra Ordinary,Part II-Section 3-Sub-Section (i),2017,10.,"Ministry of Ports, Shipping and Waterways",Not Applicable,Not Applicable,In pursuance of clause c of sub section 1 of Section 3 of the Major Port Trusts Act,Extra Ordinary,Part II-Section 3-Sub-Section (i),22-Dec-2017,26-Dec-2017,NOT available ( 181141 ),1.55 MB,,,,,,pending,,
Government of India eGazette,India,Central Government Gazette,https://egazette.gov.in/(S(4txqndqztzlez1ats0zf54h0))/GazetteDirectory.aspx,Extra Ordinary,Part II-Section 1,2018,13.,Ministry of Law and Justice,Legislative Department,Not Applicable,"The Insolvency and Bankruptcy Code (Second Amendment) Act, 2018",Extra Ordinary,Part II-Section 1,17-Aug-2018,17-Aug-2018,NOT available ( 188623 ),1.53 MB,,,,,,pending,,
Government of India eGazette,India,Central Government Gazette,https://egazette.gov.in/(S(fmaxw1zrqad3uxifxrbub5hb))/GazetteDirectory.aspx,Extra Ordinary,Part II-Section 2,2018,1.,Government of The National Capital Territory of Delhi,Not Applicable,Not Applicable,"In exercise of powers conferred by Section 3 of the Public Premises Eviction of Unauthorized Occupants Act,",Extra Ordinary,Part II-Section 2,08-Feb-2018,13-Feb-2018,NOT available ( 182732 ),1.5 MB,,,,,,pending,,
Government of India eGazette,India,Central Government Gazette,https://egazette.gov.in/(S(4txqndqztzlez1ats0zf54h0))/GazetteDirectory.aspx,Extra Ordinary,Part II-Section 1,2019,14.,Ministry of Law and Justice,Department of Justice,Not Applicable,"The Transgender Persons (Protection of Rights) Act, 2019.",Extra Ordinary,Part II-Section 1,05-Dec-2019,05-Dec-2019,NOT available ( 214518 ),0.69 MB,,,,,,pending,,
Government of India eGazette,India,Central Government Gazette,https://egazette.gov.in/(S(fmaxw1zrqad3uxifxrbub5hb))/GazetteDirectory.aspx,Extra Ordinary,Part II-Section 1-A (Hindi),2019,5.,Ministry of Law and Justice,Legislative Department,Not Applicable,"The Central Goods and Services Tax Act, 2017, The Indian Institutes of Management Act, 2017, The Repealing and Amending Act, 2017, The Repealing and Amending (Second) Act, 2017, The Indian Forest (Amendment) Act, 2017, The National Bank for Agriculture and Rural Development (Amendment) Act, 2018, The Insolvency and Bankruptcy Code (Amendment) Act, 2017, The Goods and Services Tax (Compensation to States) Amendment Act, 2017, The High Court and Supreme Court Judges (Salaries and Conditions",Extra Ordinary,Part II-Section 1-A (Hindi),30-Nov-2018,11-Apr-2019,NOT available ( 202181 ),1.93 MB,,,,,,pending,,
Government of India eGazette,India,Central Government Gazette,https://egazette.gov.in/(S(fmaxw1zrqad3uxifxrbub5hb))/GazetteDirectory.aspx,Extra Ordinary,Part II-Section 2,2019,7.,Lok Sabha Secretariat,Not Applicable,Not Applicable,"The Industrial Relations Code, 2019",Extra Ordinary,Part II-Section 2,28-Nov-2019,04-Dec-2019,NOT available ( 214484 ),0.88 MB,,,,,,pending,,
Government of India eGazette,India,Central Government Gazette,https://egazette.gov.in/(S(fmaxw1zrqad3uxifxrbub5hb))/GazetteDirectory.aspx,Extra Ordinary,Part II-Section 2,2019,2.,Government of The National Capital Territory of Delhi,Other Departments,Not Applicable,In pursuance of the Regulation 24 read with Regulation 37 of the General Regulations of the Corporation.,Extra Ordinary,Part II-Section 2,13-May-1976,01-Oct-2019,NOT available ( 207373 ),0.61 MB,,,,,,pending,,
Government of India eGazette,India,Central Government Gazette,https://egazette.gov.in/(S(4txqndqztzlez1ats0zf54h0))/GazetteDirectory.aspx,Extra Ordinary,Part II-Section 1,2020,4.,Ministry of Law and Justice,Legislative Department,Not Applicable,"The Commission for Air Quality Management in National Capital Region and Adjoining Areas Ordinance, 2020.",Extra Ordinary,Part II-Section 1,28-Oct-2020,28-Oct-2020,CG-DL-E-28102020-222804,0.92 MB,,,,,,pending,,
Government of India eGazette,India,Central Government Gazette,https://egazette.gov.in/(S(fmaxw1zrqad3uxifxrbub5hb))/GazetteDirectory.aspx,Extra Ordinary,Part II-Section 2,2020,10.,Lok Sabha Secretariat,Not Applicable,Not Applicable,"The Appropriation (No. 2) Act, 2020.",Extra Ordinary,Part II-Section 2,18-Mar-2020,24-Mar-2020,CG-DL-E-24032020-218894,0.67 MB,,,,,,pending,,
Government of India eGazette,India,Central Government Gazette,https://egazette.gov.in/(S(fmaxw1zrqad3uxifxrbub5hb))/GazetteDirectory.aspx,Extra Ordinary,Part II-Section 2,2021,14.,Rajya Sabha Secretariat,Not Applicable,Not Applicable,"Bills have been introduced in the Rajya Sabha reg. The Limited Liability Partnership Amendment Act, 2021, The Deposit Insurance and Credit Guarantee Corporation Amendment Act, 2021.",Extra Ordinary,Part II-Section 2,30-Jul-2021,03-Aug-2021,CG-DL-E-03082021-228686,0.42 MB,,,,,,pending,,
Government of India eGazette,India,Central Government Gazette,https://egazette.gov.in/(S(fmaxw1zrqad3uxifxrbub5hb))/GazetteDirectory.aspx,Extra Ordinary,Part II-Section 2,2022,10.,Lok Sabha Secretariat,Not Applicable,Not Applicable,"The Energy Conservation Amendment Bill, 2022",Extra Ordinary,Part II-Section 2,03-Aug-2022,20-Aug-2022,CG-DL-E-20082022-238221,0.29 MB,,,,,,pending,,
Government of India eGazette,India,Central Government Gazette,https://egazette.gov.in/(S(fmaxw1zrqad3uxifxrbub5hb))/GazetteDirectory.aspx,Extra Ordinary,Part II-Section 2,2022,9.,Lok Sabha Secretariat,Not Applicable,Not Applicable,"The New Delhi International Arbitration Centre (Amendment) Act, 2022.",Extra Ordinary,Part II-Section 2,05-Aug-2022,24-Aug-2022,CG-DL-E-24082022-238334,0.73 MB,,,,,,pending,,
Government of India eGazette,India,Central Government Gazette,https://egazette.gov.in/(S(fmaxw1zrqad3uxifxrbub5hb))/GazetteDirectory.aspx,Extra Ordinary,Part II-Section 2,2022,4.,Rajya Sabha Secretariat,Not Applicable,Not Applicable,"The following Bilk were introduced in the Rajya Sabha on the 25th November, 1966",Extra Ordinary,Part II-Section 2,25-Nov-2022,25-Nov-2022,NOT available ( 115304 ),NA,,,,,,pending,,
Government of India eGazette,India,Central Government Gazette,https://egazette.gov.in/(S(fmaxw1zrqad3uxifxrbub5hb))/GazetteDirectory.aspx,Extra Ordinary,Part II-Section 2,2022,5.,Lok Sabha Secretariat,Not Applicable,Not Applicable,A Bill further to amend the Constitution of India,Extra Ordinary,Part II-Section 2,26-Aug-2022,26-Aug-2022,NOT available ( 115262 ),NA,,,,,,pending,,
Government of India eGazette,India,Central Government Gazette,https://egazette.gov.in/(S(3coklipux0y1na54ueb5tyyy))/GazetteDirectory.aspx,Extra Ordinary,Part II-Section 3 A,2022,4.,Ministry of Law and Justice,Legislative Department,Official Languages Wing,"The translation in Hindi of the Lakshadweep Building Development Board Repeal Regulation, 2022",Extra Ordinary,Part II-Section 3 A,18-Nov-2022,18-Nov-2022,CG-DL-E-18112022-240403,0.58 MB,,,,,,pending,,
Government of India eGazette,India,Central Government Gazette,https://egazette.gov.in/(S(fmaxw1zrqad3uxifxrbub5hb))/GazetteDirectory.aspx,Extra Ordinary,Part II-Section 2,2023,9.,Lok Sabha Secretariat,Not Applicable,Not Applicable,Establishment of a Permanent Bench of the High Court of Kerala at Thiruvananthapuram,Extra Ordinary,Part II-Section 2,04-Aug-2023,05-Oct-2023,CG-DL-E-05102023-249154,1.47 MB,,,,,,pending,,
Government of India eGazette,India,Central Government Gazette,https://egazette.gov.in/(S(4txqndqztzlez1ats0zf54h0))/GazetteDirectory.aspx,Extra Ordinary,Part II-Section 1,2024,6.,Government of The National Capital Territory of Delhi,Delhi High Court,Not Applicable,Amended,Extra Ordinary,Part II-Section 1,21-Aug-2024,27-Aug-2024,SG-DL-E-27082024-256643,1.9 MB,,,,,,pending,,
Government of India eGazette,India,Central Government Gazette,https://egazette.gov.in/(S(fmaxw1zrqad3uxifxrbub5hb))/GazetteDirectory.aspx,Extra Ordinary,Part II-Section 2,2024,9.,Lok Sabha Secretariat,Not Applicable,Not Applicable,"Bhartiya Vayuyan Vidheyak, 2024",Extra Ordinary,Part II-Section 2,31-Jul-2024,31-Jul-2024,CG-DL-E-31072024-255957,0.83 MB,,,,,,pending,,
Government of India eGazette,India,Central Government Gazette,https://egazette.gov.in/(S(fmaxw1zrqad3uxifxrbub5hb))/GazetteDirectory.aspx,Extra Ordinary,Part II-Section 2,2024,1.,Lok Sabha Secretariat,Not Applicable,Not Applicable,"The Coastal Shipping Bill, 2024",Extra Ordinary,Part II-Section 2,02-Dec-2024,05-Dec-2024,CG-DL-E-05122024-259162,0.45 MB,,,,,,pending,,
Government of India eGazette,India,Central Government Gazette,https://egazette.gov.in/(S(fmaxw1zrqad3uxifxrbub5hb))/GazetteDirectory.aspx,Extra Ordinary,Part II-Section 2,2025,5.,Lok Sabha Secretariat,Not Applicable,Not Applicable,The promotion and Regulation of Online Gaming Bill 2025 The Constn 130th Amdt Bill 2025 The Govt of UT Amdt Bill 2025 The J and K Reorganisantion Amdt Bill 2025,Extra Ordinary,Part II-Section 2,20-Aug-2025,22-Aug-2025,CG-DL-E-22082025-265615,0.62 MB,,,,,,pending,,
Government of India eGazette,India,Central Government Gazette,https://egazette.gov.in/(S(fmaxw1zrqad3uxifxrbub5hb))/GazetteDirectory.aspx,Extra Ordinary,Part II-Section 2,2025,9.,Lok Sabha Secretariat,Not Applicable,Not Applicable,"The Manipur GST Amdt Bill, 2025 The Manipur Appropriatin No. 2 Bill 2025",Extra Ordinary,Part II-Section 2,07-Aug-2025,08-Aug-2025,CG-DL-E-08082025-265290,0.66 MB,,,,,,pending,,
Government of India eGazette,India,Central Government Gazette,https://egazette.gov.in/(S(fmaxw1zrqad3uxifxrbub5hb))/GazetteDirectory.aspx,Extra Ordinary,Part II-Section 2,2025,1.,Lok Sabha Secretariat,Not Applicable,Not Applicable,The Viksit Bharat Guaranteefor Rlzgar aur Ajeevika Mission (Gramin) Bill 2025 The Sabka Bima Sabki Raksha Amendment Of Insurance Laws Bill 2025,Extra Ordinary,Part II-Section 2,16-Dec-2025,17-Dec-2025,CG-DL-E-17122025-268563,1.75 MB,,,,,,pending,,
Government of India eGazette,India,Central Government Gazette,https://egazette.gov.in/(S(fmaxw1zrqad3uxifxrbub5hb))/GazetteDirectory.aspx,Extra Ordinary,Part II-Section 2,2025,15.,Lok Sabha Secretariat,Not Applicable,Not Applicable,"The Income Tax Act, 2025",Extra Ordinary,Part II-Section 2,13-Feb-2025,13-Feb-2025,CG-DL-E-13022025-261003,6.74 MB,,,,,,pending,,
Government of India eGazette,India,Central Government Gazette,https://egazette.gov.in/(S(fmaxw1zrqad3uxifxrbub5hb))/GazetteDirectory.aspx,Extra Ordinary,Part II-Section 2,2025,12.,Lok Sabha Secretariat,Not Applicable,Not Applicable,"The Appropriation No.3 Bill, 2025",Extra Ordinary,Part II-Section 2,21-Mar-2025,21-Mar-2025,CG-DL-E-21032025-261839,0.49 MB,,,,,,pending,,
Government of India eGazette,India,Central Government Gazette,https://egazette.gov.in/(S(fmaxw1zrqad3uxifxrbub5hb))/GazetteDirectory.aspx,Extra Ordinary,Part II-Section 2,2025,11.,Lok Sabha Secretariat,Not Applicable,Not Applicable,The Indian Ports Bill 2025,Extra Ordinary,Part II-Section 2,28-Mar-2025,29-Mar-2025,CG-DL-E-29032025-262091,0.97 MB,,,,,,pending,,
Government of India eGazette,India,Central Government Gazette,https://egazette.gov.in/(S(fmaxw1zrqad3uxifxrbub5hb))/GazetteDirectory.aspx,Extra Ordinary,Part II-Section 2,2026,14.,Lok Sabha Secretariat,Not Applicable,Not Applicable,The Corporate Laws Amendment Bill 2026,Extra Ordinary,Part II-Section 2,23-Mar-2026,23-Mar-2026,CG-DL-E-23032026-271201,1.17 MB,,,,,,pending,,
Government of India eGazette,India,Central Government Gazette,https://egazette.gov.in/(S(fmaxw1zrqad3uxifxrbub5hb))/GazetteDirectory.aspx,Extra Ordinary,Part II-Section 2,2026,9.,Lok Sabha Secretariat,Not Applicable,Not Applicable,The Delimitation Bill 2026 AND 2 other bills,Extra Ordinary,Part II-Section 2,16-Apr-2026,16-Apr-2026,CG-DL-E-16042026-271849,0.56 MB,,,,,,pending,,
Government of India eGazette,India,Central Government Gazette,https://egazette.gov.in/(S(fmaxw1zrqad3uxifxrbub5hb))/GazetteDirectory.aspx,Extra Ordinary,Part II-Section 2,2026,7.,Rajya Sabha Secretariat,Not Applicable,Not Applicable,the Prevention of Insults to National Honour (Amendment) Act 2026 introduced in the Rajya Sabha,Extra Ordinary,Part II-Section 2,24-Jul-2026,24-Jul-2026,CG-DL-E-24072026-274790,0.4 MB,,,,,,pending,,
Government of India eGazette,India,Central Government Gazette,https://egazette.gov.in/(S(fmaxw1zrqad3uxifxrbub5hb))/GazetteDirectory.aspx,Extra Ordinary,Part II-Section 2,2026,15.,Lok Sabha Secretariat,Not Applicable,Not Applicable,APPROPIATION NO 2 BILL 2026,Extra Ordinary,Part II-Section 2,18-Mar-2026,18-Mar-2026,CG-DL-E-18032026-271057,0.44 MB,,,,,,pending,,
Government of India eGazette,India,Central Government Gazette,https://egazette.gov.in/(S(fmaxw1zrqad3uxifxrbub5hb))/GazetteDirectory.aspx,Extra Ordinary,Part II-Section 2,2026,10.,Lok Sabha Secretariat,Not Applicable,Not Applicable,"Andhra Pradesh Reorganisation Act, 2014",Extra Ordinary,Part II-Section 2,01-Apr-2026,02-Apr-2026,CG-DL-E-02042026-271493,0.43 MB,,,,,,pending,,
